PART,QTY,UNIT,TOTAL,VENDOR,link
Arduino nano V3 clone,1,$2.38,$2.38,robu.in,https://robu.in/product/arduino-nano-board-r3-with-ch340-chip-wo-usb-cable-solderedarduino-nano-r3-wo-usb-cable-soldered/
0.96 inch OLED,1,$2.06,$2.06,robu.in,https://robu.in/product/0-96-inch-i2c-iic-4pin-oled-display-module-blue-with-green-mark-module/?gad_source=1&gad_campaignid=17416544847&gbraid=0AAAAADvLFWfz8ZSpmQHY0itS-jF42i4s7&gclid=Cj0KCQjwuJLWBhD_ARIsAIBcRUzqKCcatGDMwKniJaMTM7AmbIebSZ4JuS-2_nmmlcmsg-KHrGhmD2oaAl5NEALw_wcB
12mm passive buzzer,1,$0.51,$0.51,robu.in,https://robu.in/product/1-month-warranty-1248/?gad_source=1&gad_campaignid=17427802703&gbraid=0AAAAADvLFWcrMiEwynUW87yeH17Xv32ce&gclid=Cj0KCQjwuJLWBhD_ARIsAIBcRUxGCAS71oB2BlUxwYYTC48iDfHeYkQsuDmmuFkoe_KtBrDu62iPU64aAiYgEALw_wcB
6x6x5mm through hole pushbuttons,2,$0.10,$0.20,robu.in,https://robu.in/product/6x6x5-tactile-push-button-switch/
SPDT slide switch,10,$0.03,$0.30,robu.in,https://robu.in/product/4mm-spdt-1p2t-slide-switch-pack-of-10/
2 male header socket,10,$0.02,$0.20,robu.in,https://robu.in/product/a2541wv-2p-9t-cjt-1x2-pin-2-54mm-180-single-row-pin-header-rohs/?gad_source=1&gad_campaignid=17427802703&gbraid=0AAAAADvLFWcrMiEwynUW87yeH17Xv32ce&gclid=Cj0KCQjwuJLWBhD_ARIsAIBcRUxukViEsSy1VARl1gAnsSY3m9S66ySKI-ZFmbLOLr7Q33ru5GvVmQcaAi3KEALw_wcB
3.7V 500mah 1S battery,2,$3.20,$6.40,amazon,https://www.amazon.in/Electron-500Mah-HCY-602030-R-41202096-Rechargeable/dp/B0DNY3TXRW/ref=asc_df_B0DNY3TXRW?mcid=52ad75a106813f429a5a324bcc0c4329&tag=googleshopdes-21&linkCode=df0&hvadid=710055740841&hvpos=&hvnetw=g&hvrand=7721853369571497671&hvpone=&hvptwo=&hvqmt=&hvdev=c&hvdvcmdl=&hvlocint=&hvlocphy=9061840&hvtargid=pla-2484691285137&psc=1&hvocijid=7721853369571497671-B0DNY3TXRW-&hvexpln=0&gad_source=1
TP4056 module,1,$0.20,$0.20,robu.in,https://robu.in/product/tp4056-1a-li-ion-lithium-battery-charging-module-with-current-protection-type-c/
2mm female holders,2,$0.39,$0.78,robu.in,https://robu.in/product/2mm-pitch-female-berg-strip-40x1-2pcs/?gad_source=1&gad_campaignid=17427802703&gbraid=0AAAAADvLFWcrMiEwynUW87yeH17Xv32ce&gclid=Cj0KCQjwuJLWBhD_ARIsAIBcRUxoKQc4Z83b6AfJsmGhTEEvEALxjl7FB4CuvGB2jcErwxyRumMOagkaAn4fEALw_wcB
PCB for PCB,1,$11.53,$11.53,lioncircuits,https://www.lioncircuits.com/quote
Tax & shipping,1,$3.00,$3.00,
